{"cameraMode":{"drawMode":0,"name":"Shaded","section":"Shading Mode"},"sceneLighting":false,"audioPlay":false,"sceneViewState":{"showFog":true,"showMaterialUpdate":false,"showSkybox":false,"showFlares":true,"showImageEffects":true,"showParticleSystems":true},"in2DMode":false,"pivot":{"x":-30.619998931884767,"y":0.38999998569488528,"z":5.7599992752075199},"rotation":{"x":0.40240299701690676,"y":-0.07949058711528778,"z":0.035099469125270846,"w":0.9113290905952454},"size":26.727506637573243,"orthographic":false}