{"cameraMode":{"drawMode":0,"name":"Shaded","section":"Shading Mode"},"sceneLighting":false,"audioPlay":false,"sceneViewState":{"showFog":true,"showMaterialUpdate":false,"showSkybox":true,"showFlares":true,"showImageEffects":true,"showParticleSystems":true},"in2DMode":false,"pivot":{"x":21.378381729125978,"y":13.063667297363282,"z":12.457687377929688},"rotation":{"x":0.41380468010902407,"y":0.06545024365186691,"z":-0.029843732714653016,"w":0.9075215458869934},"size":53.778411865234378,"orthographic":false}