{"cameraMode":{"drawMode":0,"name":"Shaded","section":"Shading Mode"},"sceneLighting":true,"audioPlay":false,"sceneViewState":{"showFog":true,"showMaterialUpdate":false,"showSkybox":true,"showFlares":true,"showImageEffects":true,"showParticleSystems":true},"in2DMode":false,"pivot":{"x":10.211981773376465,"y":-18.578136444091798,"z":41.10118865966797},"rotation":{"x":0.2595680058002472,"y":0.21177229285240174,"z":-0.0584590882062912,"w":0.9404183626174927},"size":72.76400756835938,"orthographic":false}