{"cameraMode":{"drawMode":0,"name":"Shaded","section":"Shading Mode"},"sceneLighting":false,"audioPlay":false,"sceneViewState":{"showFog":true,"showMaterialUpdate":false,"showSkybox":true,"showFlares":true,"showImageEffects":true,"showParticleSystems":true},"in2DMode":false,"pivot":{"x":17.75363540649414,"y":-9.096076965332032,"z":29.841846466064454},"rotation":{"x":0.40240299701690676,"y":-0.07949058711528778,"z":0.035099469125270846,"w":0.9113290905952454},"size":106.31656646728516,"orthographic":false}