{"cameraMode":{"drawMode":0,"name":"Shaded","section":"Shading Mode"},"sceneLighting":false,"audioPlay":false,"sceneViewState":{"showFog":true,"showMaterialUpdate":false,"showSkybox":false,"showFlares":true,"showImageEffects":true,"showParticleSystems":true},"in2DMode":false,"pivot":{"x":-13.062116622924805,"y":9.551820755004883,"z":-20.15117835998535},"rotation":{"x":0.5345013737678528,"y":-0.30087539553642275,"z":0.21132305264472962,"w":0.7610048055648804},"size":2.4352927207946779,"orthographic":false}