{"cameraMode":{"drawMode":0,"name":"Shaded","section":"Shading Mode"},"sceneLighting":true,"audioPlay":false,"sceneViewState":{"showFog":true,"showMaterialUpdate":false,"showSkybox":true,"showFlares":true,"showImageEffects":true,"showParticleSystems":true},"in2DMode":false,"pivot":{"x":32.46965789794922,"y":-37.09366226196289,"z":54.47462844848633},"rotation":{"x":-0.2668517231941223,"y":-0.3096204400062561,"z":0.09099084138870239,"w":-0.9081164598464966},"size":102.0901870727539,"orthographic":false}