{"cameraMode":{"drawMode":0,"name":"Shaded","section":"Shading Mode"},"sceneLighting":false,"audioPlay":false,"sceneViewState":{"showFog":true,"showMaterialUpdate":false,"showSkybox":true,"showFlares":true,"showImageEffects":true,"showParticleSystems":true},"in2DMode":false,"pivot":{"x":0.46000000834465029,"y":0.5619999766349793,"z":0.5199999809265137},"rotation":{"x":0.653944730758667,"y":-0.005677730310708284,"z":0.004907578695565462,"w":0.7565073370933533},"size":3.1144707202911379,"orthographic":false}