{"cameraMode":{"drawMode":0,"name":"Shaded","section":"Shading Mode"},"sceneLighting":false,"audioPlay":false,"sceneViewState":{"showFog":true,"showMaterialUpdate":false,"showSkybox":true,"showFlares":true,"showImageEffects":true,"showParticleSystems":true},"in2DMode":false,"pivot":{"x":22.007001876831056,"y":28.664154052734376,"z":21.65212631225586},"rotation":{"x":0.44042080640792849,"y":0.028268063440918924,"z":-0.013875750824809075,"w":0.8972426056861877},"size":122.57588958740235,"orthographic":false}