{"cameraMode":{"drawMode":0,"name":"Shaded","section":"Shading Mode"},"sceneLighting":true,"audioPlay":false,"sceneViewState":{"showFog":true,"showMaterialUpdate":false,"showSkybox":true,"showFlares":true,"showImageEffects":true,"showParticleSystems":true},"in2DMode":false,"pivot":{"x":9.48999309539795,"y":-28.452512741088868,"z":33.44944763183594},"rotation":{"x":0.40017932653427126,"y":0.2435108721256256,"z":-0.11119065433740616,"w":0.8764835596084595},"size":66.62225341796875,"orthographic":false}