{"cameraMode":{"drawMode":0,"name":"Shaded","section":"Shading Mode"},"sceneLighting":false,"audioPlay":false,"sceneViewState":{"showFog":true,"showMaterialUpdate":false,"showSkybox":true,"showFlares":true,"showImageEffects":true,"showParticleSystems":true},"in2DMode":false,"pivot":{"x":16.864994049072267,"y":-3.45977783203125,"z":7.784084320068359},"rotation":{"x":-0.2884690463542938,"y":0.06446512788534165,"z":-0.019536606967449189,"w":-0.9551448822021484},"size":45.17724609375,"orthographic":false}