{"cameraMode":{"drawMode":0,"name":"Shaded","section":"Shading Mode"},"sceneLighting":false,"audioPlay":false,"sceneViewState":{"showFog":true,"showMaterialUpdate":false,"showSkybox":true,"showFlares":true,"showImageEffects":true,"showParticleSystems":true},"in2DMode":false,"pivot":{"x":27.837444305419923,"y":19.38243865966797,"z":18.09650421142578},"rotation":{"x":-0.46731534600257876,"y":0.04123380035161972,"z":-0.021929534152150155,"w":-0.8829125165939331},"size":60.147743225097659,"orthographic":false}