{"cameraMode":{"drawMode":0,"name":"Shaded","section":"Shading Mode"},"sceneLighting":false,"audioPlay":false,"sceneViewState":{"showFog":true,"showMaterialUpdate":false,"showSkybox":true,"showFlares":true,"showImageEffects":true,"showParticleSystems":true},"in2DMode":false,"pivot":{"x":23.350772857666017,"y":11.426589965820313,"z":28.898666381835939},"rotation":{"x":0.653944730758667,"y":-0.005677730310708284,"z":0.004907578695565462,"w":0.7565073370933533},"size":77.76802062988281,"orthographic":false}